song_id,gt_valence_mean,gt_arousal_mean,gt_valence_std,gt_arousal_std,mixed_valence_mean,mixed_arousal_mean,mixed_valence_std,mixed_arousal_std,sep_valence_mean,sep_arousal_mean,sep_valence_std,sep_arousal_std
149,0.2625,0.3875,0.117924764151,0.22672946434,0.7408863636363602,0.81756818181819,0.151973888649547,0.11209648424740594,0.7360454545454503,0.8110321969697138,0.15029790178392033,0.11767417735494835
483,0.5125,0.575,0.18915932438000002,0.1,0.6159090909090899,0.6451931818181802,0.163967255867093,0.152865042351866,0.6421022727272703,0.6630000000000003,0.15907453220476298,0.15049578621544193
280,0.525,0.325,0.2,0.15,0.49292045454545985,0.4907045454545498,0.17682528769957906,0.17339839000276797,0.46036363636363986,0.50221590909091,0.16632522423972204,0.16398526635893007
329,0.7875,0.9375,0.1125,0.100778221854,0.5679431818181804,0.60703409090909,0.17104202953340594,0.17372851464150302,0.6380113636363602,0.6442840909090799,0.15598170988388393,0.15266732755613094
54,0.775,0.875,0.134629120178,0.11180339887499999,0.6283806818181902,0.68956818181819,0.16705779165230095,0.15465244821445645,0.6939090909091002,0.7407727272727298,0.164117830940244,0.13382663879407203
958,0.8625,0.825,0.0875,0.1,0.49035511363636,0.39022727272727986,0.18363209056710147,0.15750577084049452,0.49817045454546,0.4374545454545498,0.17556910776907,0.17608281658940492
239,0.6875,0.625,0.170018381359,0.19364916730999998,0.4725454545454597,0.33839772727274003,0.19115313579279003,0.15412517916220597,0.47984090909090954,0.32845454545454983,0.18388718886683197,0.15126238531133004
740,0.75,0.7954545454549999,0.184637236469,0.110174542214,0.5715454545454599,0.4775681818181801,0.175965649861338,0.1598748643689299,0.6016818181818199,0.5995681818181801,0.166751739755144,0.16058185574805106
628,0.625,0.6125,0.167705098312,0.141972708645,0.5075227272727301,0.5475340909091,0.17581544225526996,0.17498422901220997,0.5114431818181898,0.52960227272728,0.16988152106508303,0.16245435678293102
649,0.3125,0.4375,0.0838525491562,0.25769410160100004,0.44085511363637,0.36476136363636974,0.17015527234005742,0.16181014164112653,0.4424999999999998,0.38274999999999987,0.1709315569376579,0.16716004894339495
677,0.3625,0.5625,0.130503831361,0.25769410160100004,0.35268750000000004,0.4016249999999999,0.17543102529960092,0.174391084701425,0.38131818181818,0.40364772727273,0.17558417313942998,0.17912487251222806
124,0.8375,0.9,0.185825859341,0.10897247358899999,0.6820000000000002,0.6954999999999998,0.156335263220224,0.1415647263281369,0.68168465909091,0.69769318181818,0.16335823854659431,0.1388132969393792
808,0.25,0.325,0.158113883008,0.169558249578,0.7194261363636402,0.7781250000000101,0.15361565698757595,0.11871190568515097,0.6992045454545399,0.7642272727272602,0.15710665506560909,0.12752247707401498
358,0.6875,0.3875,0.0838525491562,0.130503831361,0.6085568181818198,0.6197727272727299,0.16896863962300304,0.15488097184477798,0.54071590909091,0.43325,0.18360153543460098,0.17345624992607195
784,0.35,0.45,0.18371173070900002,0.210653744329,0.6585454545454601,0.68393181818182,0.16450826166454202,0.144879628182118,0.5776704545454598,0.5987500000000101,0.16382704017115401,0.1556998656958119
904,0.5625,0.7,0.203485257451,0.169558249578,0.4165823863636399,0.393375,0.18138757947194648,0.17711893333227244,0.4352159090909098,0.41630681818183013,0.17411483424539495,0.18109962114560307
454,0.8125,0.8375,0.139754248594,0.125623445264,0.6017159090909101,0.6064772727272698,0.158964457926883,0.149805709207098,0.5698295454545502,0.57623863636364,0.16587763675790307,0.166058855108503
639,0.6875,0.775,0.15051993223500001,0.266926956301,0.65155681818182,0.6835681818181805,0.15074149881679091,0.14346132360001695,0.7084659090909098,0.7526136363636401,0.14950117166132296,0.12170412315179192
861,0.7625,0.7625,0.152581945197,0.141972708645,0.7348977272727297,0.8138219696969938,0.1585078497354334,0.1151989426672563,0.7351742424242436,0.8095340909091003,0.14953675223228768,0.1201399743305809
370,0.25,0.4,0.136930639376,0.28939592257,0.5582386363636399,0.6586136363636399,0.17975423865822798,0.16050991132745987,0.63419602272728,0.69897727272728,0.17368934987787849,0.14887281636379554
470,0.85,0.7625,0.0935414346693,0.130503831361,0.7359583333333343,0.7234999999999988,0.18317407982310235,0.12098454081531677,0.7161136363636406,0.7212386363636394,0.18190164632114406,0.1296141347156541
39,0.590909090909,0.875,0.12026142322999996,0.15990053726700001,0.7264318181818201,0.8042613636363698,0.16817356922231994,0.12101024960979398,0.6877272727272699,0.7254147727272798,0.16666167440521004,0.13323161501654598
776,0.5125,0.6375,0.21972994789099998,0.117924764151,0.6627386363636399,0.7057499999999999,0.15662561485617899,0.137416942120405,0.7077840909090999,0.7631590909090901,0.157781797276925,0.13285254182624903
426,0.7125,0.825,0.1125,0.11456439237400001,0.4856363636363698,0.4715909090909199,0.16399839856052395,0.16697861755639196,0.46965909090909014,0.44881818181817984,0.16901724809631893,0.158934472527514
37,0.75,0.8,0.14790199457699998,0.169558249578,0.53136931818182,0.577625,0.16586985983997304,0.1722432119098659,0.54692045454546,0.5834318181818201,0.16503665727331998,0.16397938529894904
134,0.7125,0.8,0.1125,0.0829156197589,0.37290909090908997,0.42057954545454995,0.182680099295385,0.1882396989472801,0.394625,0.43192045454547,0.18047022725455494,0.17264943738543903
767,0.5125,0.475,0.141972708645,0.15612494995999998,0.7177613636363599,0.7853636363636398,0.15332669487121395,0.12040447540872595,0.7309119318181899,0.8191685606060637,0.16078840285935742,0.11644281271211654
788,0.525,0.6125,0.145773797371,0.103832798286,0.5802159090909099,0.6188181818181899,0.16861737401045607,0.16291405282546603,0.5352840909090899,0.5485113636363598,0.17320598130710796,0.16070705419547796
485,0.7,0.7125,0.178535710714,0.125623445264,0.7154090909091002,0.8155568181818201,0.1724663686612411,0.11218985935546698,0.699875,0.7842499999999998,0.16810074500022196,0.12820300899653395
89,0.75,0.6875,0.136930639376,0.128086884574,0.69521590909091,0.7432386363636398,0.15699810247632906,0.13772449861246694,0.7013409090909196,0.7696022727272799,0.158733287604355,0.12490284921258293
383,0.4125,0.5,0.125623445264,0.14790199457699998,0.46919318181818015,0.47115909090909996,0.17485591759855398,0.173313877871663,0.4683295454545499,0.4596590909091,0.18246283292849294,0.170200851032641
68,0.575,0.65,0.225,0.145773797371,0.6720568181818201,0.6935681818181801,0.15286371707480095,0.14920771871621002,0.68272727272727,0.7028977272727301,0.158272411482698,0.1318959633178089
727,0.475,0.55,0.165831239518,0.160078105936,0.70655681818182,0.7867159090909098,0.16663170662651502,0.12921831806742895,0.6786022727272902,0.7512272727272798,0.16715617033201002,0.13419150730385795
938,0.75,0.725,0.136930639376,0.122474487139,0.6006363636363699,0.5351136363636297,0.16638708175363195,0.16071730510285495,0.52898863636365,0.4912840909090898,0.16470754903720602,0.16433788691795992
671,0.4125,0.675,0.209538182678,0.225,0.49351136363638015,0.40495454545453996,0.18071140033095193,0.15557614278934095,0.4681477272727198,0.41207954545456005,0.17427410735517296,0.16765321868245306
139,0.775,0.7125,0.122474487139,0.185825859341,0.5973409090909102,0.5258749999999999,0.1565049613564129,0.15431424598032503,0.5407121212121264,0.5377462121212168,0.16417209466870833,0.1660689215134447
941,0.3,0.125,0.18708286933899998,0.136930639376,0.5162234848484866,0.5993541666666669,0.18013834642822626,0.17103236046313763,0.4921534090909097,0.5795000000000002,0.17319514118651097,0.17001523966416596
550,0.375,0.4375,0.185404962177,0.139754248594,0.47712499999999985,0.3211249999999999,0.18934864820740294,0.16127773071685997,0.49060227272726986,0.31342045454546014,0.18819497534226198,0.15291253233028
476,0.8625,0.7,0.18071040368500002,0.169558249578,0.48529545454545975,0.4506818181818197,0.16895559029807,0.17334491592834603,0.45415909090908974,0.4088295454545501,0.173921344576869,0.16389912319172503
106,0.675,0.7,0.139194109071,0.160078105936,0.7454204545454401,0.8221818181818502,0.1544713127817599,0.11279646180619599,0.6878772727272701,0.7777386363636299,0.16012038393841202,0.12843229504289205
613,0.6875,0.5875,0.170018381359,0.148429276088,0.53745454545455,0.5487045454545502,0.16629715336561296,0.16799920621418402,0.5199280303030365,0.4920643939393966,0.16540404344039528,0.16701224347121765
532,0.3375,0.5375,0.22395591084000002,0.19405218370299998,0.7425113636363604,0.8224375,0.1481780786482329,0.11067714065318497,0.7288750000000002,0.7795000000000002,0.16048699153069204,0.13012472552837
951,0.75,0.625,0.09682458365520001,0.125,0.5659090909091001,0.5841590909090999,0.16498773639339498,0.16387859065001795,0.5252670454545499,0.5619621212121266,0.16847983368835262,0.16687541379800802
748,0.4625,0.3625,0.17721808598400002,0.141972708645,0.44578409090909005,0.5186931818181799,0.184250765326344,0.18737685179993602,0.5369715909090901,0.5915681818181799,0.170351465724894,0.16630698260316198
87,0.6,0.6625,0.19202864369699998,0.0800390529679,0.3979204545454501,0.40555681818182987,0.17938221391435197,0.164189821823575,0.38947727272727983,0.41662499999999997,0.173703540531973,0.17706370845594907
707,0.3,0.3125,0.195256241898,0.195655948031,0.5002698863636498,0.4854772727272701,0.1769673404164655,0.1677817580449975,0.5308465909090898,0.5370681818181802,0.16655472939806196,0.163216151857438
51,0.7625,0.825,0.130503831361,0.139194109071,0.5951704545454398,0.6412954545454401,0.1733211427485571,0.16496122656677095,0.5993267045454601,0.6345795454545402,0.1637821740694009,0.1640366381055175
685,0.7375,0.625,0.233519271153,0.11180339887499999,0.6768863636363599,0.6851363636363602,0.15110407165023898,0.153366235717091,0.6736249999999999,0.6901666666666668,0.16438361028255857,0.13806960671909255
536,0.825,0.7875,0.15,0.1375,0.3911268939393866,0.4071628787878931,0.17787367907823692,0.1804072699673717,0.41937499999999994,0.4421249999999998,0.17760507400193493,0.17645242427318597
651,0.775,0.825,0.165831239518,0.139194109071,0.49989772727273996,0.3799545454545399,0.18353564576506398,0.162101761427457,0.48246590909091985,0.42887499999999995,0.17382508499124805,0.1696977818792889
634,0.2375,0.225,0.205015243336,0.175,0.6912424242424136,0.75961363636364,0.1666788691733837,0.12025420958971893,0.7082613636363599,0.7843977272727399,0.160737879498195,0.11314649064910594
57,0.3625,0.525,0.152581945197,0.261007662723,0.5021363636363599,0.4412045454545598,0.17582266539180796,0.157958651195136,0.4876818181818199,0.44837499999999986,0.1763259679251161,0.16727448113055898
316,0.8625,0.8875,0.130503831361,0.0875,0.7362840909090801,0.7969204545454701,0.151421621669605,0.115749128862351,0.7005,0.7508125000000005,0.15208568330036,0.12526669458859105
233,0.4875,0.4,0.171846588561,0.145773797371,0.35422727272728005,0.3522386363636398,0.17104421734543088,0.170884396360821,0.4194431818181899,0.4476704545454497,0.16731624353353497,0.17088782878484107
842,0.35,0.6,0.235849528301,0.207665596573,0.6975227272727299,0.7222386363636403,0.15342300889702007,0.12818164857474096,0.6849469696969734,0.6879431818181898,0.1494448342174093,0.1387923916952167
827,0.825,0.6,0.1,0.19202864369699998,0.72293181818181,0.7932500000000003,0.15658812941953898,0.12492948232424891,0.6923977272727205,0.77822727272728,0.158575973722456,0.12566613157428297
823,0.6625,0.675,0.158607219256,0.11456439237400001,0.6786818181818198,0.7133181818181796,0.15617182267608493,0.13393719896429498,0.6755700757575765,0.6961515151515236,0.16789350108143697,0.13630311957633667
482,0.568181818182,0.556818181818,0.202004418575,0.21560984046599999,0.43057954545454996,0.4856931818181899,0.1778407715683581,0.19007498393841207,0.46264772727272996,0.5223409090909101,0.17261606427948498,0.18076158342263202
409,0.6625,0.9125,0.185825859341,0.0800390529679,0.4724886363636398,0.41539772727272983,0.1709921022227389,0.16424488570046697,0.4427499999999999,0.399875,0.17467953399181801,0.17039211609182403
919,0.7375,0.6,0.103832798286,0.075,0.5204696969697034,0.5139280303030365,0.175311986361907,0.1655613349239503,0.46759090909091006,0.44287499999999985,0.17731217385919,0.167290905627389
622,0.675,0.8125,0.139194109071,0.115244305716,0.70625,0.76245454545455,0.15480491380584702,0.12472970166294393,0.7321742424242434,0.7821325757575767,0.15880995527173397,0.12758644020696636
711,0.675,0.525,0.12747548784,0.134629120178,0.5440909090909097,0.5821249999999999,0.16995521272609804,0.165398336920973,0.5451325757575866,0.5689053030303164,0.16874190367357633,0.16485985823372662
731,0.7,0.6875,0.169558249578,0.203485257451,0.5380454545454603,0.46804545454544977,0.16882571080113892,0.16941050259635193,0.5291249999999997,0.50494318181818,0.17278721678739803,0.17003551595914793
504,0.675,0.675,0.11456439237400001,0.0829156197589,0.55925,0.45399999999999996,0.15840832160868198,0.15571721744841496,0.51823863636364,0.44037499999999985,0.169816458381268,0.17074669885659102
535,0.7875,0.7625,0.0800390529679,0.0673145600892,0.6507499999999997,0.6729318181818204,0.16136590372353307,0.14665739908941403,0.6790749999999999,0.68295454545455,0.15173881744430104,0.137813197298611
698,0.2625,0.3625,0.0673145600892,0.19724667297600001,0.44164204545454,0.46279545454546017,0.17637655142951,0.18056911854917504,0.4281136363636397,0.4528636363636401,0.1871266702599,0.17856933909620906
276,0.5125,0.65,0.18071040368500002,0.19202864369699998,0.5863750000000001,0.5085,0.15357186252394994,0.16195037101484394,0.6263541666666667,0.6072083333333332,0.15751845590990002,0.15371763242584363
487,0.775,0.8,0.175,0.11456439237400001,0.5800000000000001,0.5988522727272698,0.166456679859094,0.16222120994020497,0.6194999999999999,0.5839090909090898,0.162602331300443,0.151262519434253
777,0.475,0.525,0.175,0.145773797371,0.45698863636364995,0.48707954545456994,0.17967152304198006,0.17860820786834897,0.4813806818181899,0.4858522727272798,0.161728900446792,0.16932134942065197
834,0.8125,0.8875,0.211024287702,0.0673145600892,0.5909318181818204,0.61244318181818,0.16894458834638904,0.1543874984198979,0.4976590909090901,0.43784090909091006,0.17818628537818612,0.17283329286653204
156,0.55,0.6625,0.195256241898,0.158607219256,0.4348409090909201,0.3508181818181798,0.18230986088093992,0.15903774993697206,0.4671818181818299,0.3833863636363701,0.17855800850546494,0.16230465480627998
16,0.575,0.5375,0.169558249578,0.1375,0.741375,0.8053045454545494,0.14833542904113498,0.10940217698108556,0.6987575757575766,0.7740227272727404,0.15505602021177955,0.1244792266109703
74,0.775,0.8875,0.175,0.103832798286,0.4865227272727299,0.4468522727272799,0.17328845326802203,0.16226827186431503,0.44298863636363994,0.4205227272727401,0.17694143200003995,0.167048639428844
97,0.75,0.85,0.279508497187,0.18371173070900002,0.7537424242424333,0.8518863636363702,0.15560723673455165,0.10559164818635994,0.7553948863636504,0.8302727272727302,0.15464070941697228,0.11547989002491901
351,0.55,0.275,0.18708286933899998,0.175,0.6045000000000003,0.6396250000000001,0.16667424629904098,0.157026810254167,0.6250000000000002,0.6345,0.15969623199133098,0.14983660235035903
83,0.725,0.775,0.145773797371,0.122474487139,0.6014886363636401,0.6031136363636399,0.16297877607253203,0.15291685974324298,0.5714848484848568,0.5830946969697031,0.161854897722266,0.16181989260720664
165,0.675,0.7375,0.195256241898,0.117924764151,0.63595454545454,0.6783181818181799,0.16348187858409793,0.15084925784181893,0.6466448863636398,0.6867159090909098,0.158043168525038,0.1414348787086005
67,0.5875,0.8,0.158607219256,0.178535710714,0.6975227272727199,0.6996136363636402,0.15264307048477702,0.13479463964216304,0.69607954545455,0.72390340909091,0.157785317696674,0.13050774228573192
105,0.3875,0.275,0.1625,0.122474487139,0.57014772727273,0.5919659090909098,0.16130017476744296,0.165212736961437,0.64625,0.6708749999999997,0.15943704171124892,0.1450567378809309
303,0.6125,0.7375,0.1625,0.130503831361,0.7362727272727198,0.8213749999999999,0.15014201864716398,0.11026110198306796,0.7274318181818199,0.7858181818181798,0.16457358758098503,0.13025570471037493
491,0.4375,0.575,0.178972763291,0.210653744329,0.45918181818181003,0.36992045454547,0.18147721751278995,0.16363715758436395,0.49045454545455025,0.4418295454545499,0.17811721999581004,0.164276909294873
733,0.6,0.5,0.15612494995999998,0.19364916730999998,0.5576818181818198,0.657625,0.18186218842499197,0.16188634094294102,0.569155303030307,0.6878219696969733,0.17976959666818307,0.15563674184115261
558,0.5125,0.55,0.0673145600892,0.139194109071,0.7240647727272702,0.7735000000000006,0.148292920919195,0.1279545546561289,0.7070909090909097,0.7556250000000001,0.156794590142272,0.12881146533977494
935,0.386363636364,0.511363636364,0.12448239943299999,0.172338078274,0.5768068181818201,0.5313750000000002,0.16185798749243296,0.15939801812103302,0.5351136363636502,0.51282954545455,0.173629842590341,0.162055008876227
283,0.5375,0.575,0.216866894661,0.0829156197589,0.4318835227272699,0.39264772727273006,0.17632148919417645,0.1587891687844395,0.44756818181818,0.4134090909090997,0.16694577871628802,0.167492517052759
921,0.5625,0.475,0.178972763291,0.122474487139,0.5908409090909101,0.5803295454545497,0.17683744419244596,0.160277447999564,0.5100000000000201,0.4683863636363699,0.17185734101748903,0.17197552180260395
225,0.525,0.4125,0.19202864369699998,0.125623445264,0.5328768939393969,0.5463901515151535,0.16452460082828707,0.16481671100033465,0.5175795454545601,0.50911363636365,0.16297219080021097,0.173684785255141
252,0.3625,0.1375,0.19724667297600001,0.117924764151,0.6993181818182004,0.7409431818181997,0.16069581836725302,0.12665318627098496,0.6887000000000001,0.73836363636364,0.15471819378818397,0.12822285943891992
425,0.8125,0.95,0.160565407233,0.0829156197589,0.7357499999999998,0.8106590909091002,0.154829899268363,0.11594983752916802,0.7266386363636401,0.7882159090909098,0.15538135268760705,0.12780996400500494
560,0.5125,0.6625,0.31349840510000004,0.185825859341,0.6531136363636396,0.6705113636363699,0.16256149957763902,0.140604714632052,0.627,0.6521249999999996,0.15060225128717497,0.14828181445693997
220,0.675,0.6875,0.12747548784,0.178972763291,0.6965,0.7133749999999999,0.16134306758491002,0.13205648156343996,0.7290000000000002,0.7775340909091,0.152845584710081,0.11717814504992496
318,0.825,0.725,0.11456439237400001,0.145773797371,0.4255037878787934,0.5222424242424334,0.1842662039749008,0.18813111782046135,0.41901325757575675,0.48152803030302643,0.18089163279175038,0.1886200224557996
847,0.7625,0.5125,0.152581945197,0.152581945197,0.5224090909090898,0.5658181818181799,0.17639251862471592,0.17094600781115496,0.4694431818181801,0.5097727272727298,0.16842539170312398,0.17784958957899705
563,0.6875,0.7375,0.170018381359,0.18071040368500002,0.4238181818181798,0.5308977272727302,0.18131120872746198,0.18958489775175394,0.4839507575757566,0.5416098484848466,0.17667778793904332,0.18060835825082264
119,0.6625,0.4875,0.1125,0.117924764151,0.6902272727272798,0.6936022727272801,0.155075075545318,0.1382912370414289,0.6771287878787935,0.6961477272727302,0.1632189973712913,0.1374004578485816
505,0.6125,0.65,0.21972994789099998,0.145773797371,0.7472424242424335,0.7990227272727399,0.1526065931757346,0.11512084918291901,0.7017840909090899,0.7755,0.16627246902989004,0.12921586231335003
186,0.7125,0.825,0.158607219256,0.1,0.6341590909090999,0.6514318181818297,0.1533058251587439,0.14632857181579395,0.6584431818181901,0.6851136363636501,0.16267156983728395,0.14578830121049396
300,0.7625,0.55,0.171846588561,0.217944947177,0.38016477272727983,0.4752272727272801,0.17516356162954203,0.19064470310666498,0.41782954545455986,0.47720454545455,0.17676829081451803,0.18868597688936195
4,0.2875,0.2625,0.158607219256,0.152581945197,0.6690113636363598,0.67007386363636,0.15328005020806593,0.14507646384246298,0.6158409090909099,0.5929999999999999,0.149839685886957,0.15261324283988187
438,0.325,0.3375,0.139194109071,0.185825859341,0.6432159090909102,0.6599886363636402,0.158583768800199,0.1509449575853861,0.68155681818182,0.70181818181818,0.16085870294037405,0.14287427179696094
471,0.7875,0.875,0.243990266199,0.136930639376,0.6387500000000002,0.6460000000000002,0.15058874124979493,0.15104298236739594,0.6317500000000001,0.6400795454545499,0.16278813915315496,0.14716772240680498
984,0.7375,0.825,0.0875,0.1,0.7072784090909101,0.7767840909091001,0.15901359054893305,0.114031915706811,0.7145795454545503,0.7486704545454603,0.15440906451638198,0.13151128965694103
253,0.525,0.6125,0.215058131676,0.130503831361,0.49004545454545984,0.3953068181818201,0.1824193909741729,0.16619451734205998,0.4714545454545498,0.3993181818181801,0.16896753204457204,0.16352296178505998
648,0.7,0.6875,0.1,0.115244305716,0.4337954545454598,0.38393181818182,0.17604476111448494,0.16381456825349805,0.49628409090910997,0.4437727272727501,0.17407043610255296,0.17082149077689704
813,0.675,0.675,0.217944947177,0.257390753525,0.6778749999999999,0.7077045454545501,0.16042516663016293,0.15188905301214997,0.6500909090909001,0.70761363636362,0.16054762102871703,0.14241000706355597
63,0.4625,0.375,0.243990266199,0.19364916730999998,0.7547500000000007,0.81636363636364,0.146604852805874,0.11694472351005794,0.7289749999999999,0.7682571969696936,0.1471918268493549,0.1185550207047163
523,0.3375,0.3375,0.148429276088,0.1125,0.7242500000000001,0.7991363636363595,0.154184994989714,0.12129145254118104,0.7091250000000001,0.7556249999999999,0.1500968099073069,0.13250623471768896
957,0.3375,0.525,0.17721808598400002,0.175,0.48676136363636036,0.37397727272728,0.184167484494952,0.16228163114284402,0.4985909090909199,0.4021250000000199,0.17546845489745994,0.15779368461971002
159,0.675,0.875,0.244948974278,0.055901699437499994,0.7244545454545599,0.7452386363636501,0.15243926081813,0.12961644308978396,0.7244499999999999,0.7730909090909099,0.15017565005962197,0.12533852509285398
127,0.825,0.8125,0.169558249578,0.139754248594,0.6693806818181902,0.7207840909091,0.15346040877698996,0.12905509936303494,0.6486136363636399,0.69136363636364,0.160375802249396,0.13129026837408994
65,0.75,0.5875,0.11180339887499999,0.0800390529679,0.4592784090909097,0.4861439393939466,0.18100486569182364,0.17567805329350356,0.48046590909093007,0.4661250000000201,0.17340510713519003,0.18105251992362992
575,0.7875,0.825,0.158607219256,0.139194109071,0.4939261363636398,0.5227840909090999,0.172317458511782,0.17598571096852697,0.47879545454545996,0.5221704545454497,0.17277818611422094,0.18210464976825402
749,0.4875,0.525,0.264870251255,0.294745653064,0.4692462121212163,0.4617765151515233,0.174119622244679,0.1714147313281696,0.5188068181818197,0.5213749999999999,0.16876404341588203,0.16972031139128702
210,0.725,0.8125,0.134629120178,0.100778221854,0.7078560606060534,0.7567386363636505,0.1560468301829217,0.12561326564915098,0.6937295454545503,0.7538750000000103,0.15362978499826402,0.133340224704556
623,0.775,0.85,0.165831239518,0.0935414346693,0.5026931818181799,0.49460227272727963,0.17373030625387004,0.16588725347158997,0.6576931818181798,0.68932954545454,0.16204898581529392,0.14722528460404394
551,0.375,0.2875,0.20155644370700002,0.1375,0.5480000000000104,0.5859886363636402,0.16788387936198196,0.16322056943169092,0.5991155303030369,0.6388522727272802,0.1642597808888337,0.1570493144943873
962,0.2,0.6375,0.20310096011599998,0.2875,0.7663590909090903,0.8388704545454599,0.14630763976881453,0.11090645124013665,0.75040454545455,0.8140371212121272,0.15215428262277186,0.11592068463111665
927,0.65,0.5625,0.075,0.100778221854,0.7277045454545498,0.8093642045454601,0.1542329855896155,0.11906775874104059,0.7729772727272701,0.8207272727272801,0.13996929831802332,0.10954423581828567
809,0.65,0.1875,0.222204860433,0.100778221854,0.4914431818181898,0.49895454545455,0.16073790853266995,0.18012949504772902,0.5023674242424332,0.5718674242424336,0.1694959022062777,0.1704999150911233
79,0.625,0.925,0.30103986447,0.11456439237400001,0.73579545454545,0.7907386363636405,0.14992848223368394,0.11949375444804898,0.7121136363636404,0.7449886363636402,0.15800145620562703,0.128704362717039
295,0.75,0.725,0.11180339887499999,0.145773797371,0.48257196969697325,0.5308143939393966,0.16912670768881402,0.17937961125180643,0.44623863636364014,0.4756590909091,0.179225285764478,0.17836701677453004
608,0.5625,0.6375,0.211024287702,0.141972708645,0.6081704545454604,0.6550568181818198,0.1646314981219129,0.1524030050888629,0.6137244318181798,0.6627159090909099,0.16618197267764745,0.1524240285145584
926,0.4875,0.25,0.1625,0.09682458365520001,0.7043863636363596,0.7722613636363594,0.16508430902228,0.122065914412466,0.6493311688311642,0.7058874458874494,0.159053455927734,0.13731965419907297
763,0.55,0.3875,0.210653744329,0.19724667297600001,0.5671022727272801,0.5219545454545502,0.164815407578625,0.15546385296199003,0.5294090909090998,0.4785227272727298,0.16256796729257697,0.15942280337351794
932,0.6625,0.7,0.168170300588,0.1,0.5366193181818203,0.45396590909092,0.17616586588424799,0.16027655153990897,0.6456727272727203,0.6452977272727197,0.15787463243037586,0.14479010375900997
881,0.6,0.5875,0.207665596573,0.148429276088,0.7449090909090899,0.831875,0.14375172071584028,0.10625864098144763,0.7383863636363597,0.8268522727272801,0.15818448527655404,0.11272002346427597
750,0.2625,0.4,0.141972708645,0.18371173070900002,0.4018153409090899,0.4099545454545499,0.17342304293986144,0.17815806029771256,0.38656818181817976,0.39527272727273,0.16796463504014095,0.17054888924919198
234,0.4375,0.3875,0.178972763291,0.152581945197,0.7274204545454498,0.78523863636364,0.15178657606337004,0.11899733213967888,0.70017045454545,0.73669318181819,0.15507055541599002,0.13398606264135401
465,0.425,0.3375,0.23184046238699998,0.1375,0.5685880681818303,0.52638636363638,0.15865617481134545,0.1543283628987485,0.60273863636364,0.5787386363636401,0.1662682424028789,0.14584174035821204
296,0.8,0.8125,0.11456439237400001,0.0838525491562,0.5334431818181999,0.5623181818181999,0.164372904585277,0.16278560287329097,0.5247784090909299,0.5476250000000197,0.16172331005643195,0.15858116116299203
734,0.825,0.8375,0.11456439237400001,0.0976281209488,0.6577840909090998,0.72742045454546,0.16235139728312994,0.139290490415761,0.6884909090909096,0.7623181818181897,0.15366289255091103,0.12744239508619995
327,0.7375,0.7625,0.1625,0.130503831361,0.48706249999999984,0.350375,0.185094131138185,0.157161050954909,0.5020568181818198,0.33053409090909996,0.18739989883607,0.150623495171446
141,0.65,0.5375,0.122474487139,0.230827316408,0.36355113636363995,0.34973863636364,0.17282784338834595,0.17055021624654298,0.39365909090909007,0.36498863636364987,0.17248065374181099,0.16811354105973003
520,0.15,0.6625,0.18371173070900002,0.316474722529,0.37261363636363987,0.36999999999999994,0.17995253939083392,0.17412319035697998,0.40155681818183,0.39815909090909,0.17884726293633602,0.17199095325476002
514,0.75,0.85,0.125,0.165831239518,0.6892579545454502,0.72234090909091,0.15267464860943,0.12964708240859404,0.6750748106060633,0.7068636363636402,0.16685891975175132,0.14089999944170814
69,0.775,0.7125,0.10897247358899999,0.1125,0.5546931818181798,0.5831477272727303,0.167299967489731,0.162933345489727,0.6648750000000001,0.7095000000000004,0.16380367797730297,0.13279169804970292
940,0.5,0.625,0.14790199457699998,0.20155644370700002,0.49653409090910006,0.5028340909091,0.17284898977084698,0.174006801609098,0.46223863636364,0.4292386363636401,0.17078631297052194,0.17661267456335905
568,0.825,0.975,0.11456439237400001,0.05,0.6022500000000002,0.7112727272727298,0.1763180751592101,0.1429379920134949,0.4564678030303066,0.5041553030302967,0.17186560179899935,0.17721969133148568
542,0.6125,0.7125,0.205015243336,0.125623445264,0.7405931818181899,0.8104159090909304,0.15208808229613496,0.11339766463914414,0.7113068181818197,0.7691477272727302,0.15435570231025797,0.12168606699138397
117,0.7,0.85,0.23184046238699998,0.0935414346693,0.6022500000000002,0.7112727272727298,0.1763180751592101,0.1429379920134949,0.4564678030303066,0.5041553030302967,0.17186560179899935,0.17721969133148568
948,0.4,0.4875,0.175,0.2125,0.7029204545454604,0.79057954545455,0.16890543025843247,0.11827971196770193,0.66323863636364,0.73536363636364,0.160349772358285,0.137187187990065
489,0.7954545454549999,0.909090909091,0.194181903303,0.0770719316264,0.5192727272727301,0.5412613636363699,0.16448446613343495,0.16551812772543786,0.6659659090909104,0.6963977272727303,0.16658954521774397,0.134312249731368
350,0.375,0.2625,0.19364916730999998,0.130503831361,0.5706,0.46962272727272975,0.170777318228636,0.15901219697212798,0.57272727272727,0.48951136363635994,0.158760768948971,0.15913782413603797
395,0.675,0.7125,0.15,0.148429276088,0.7461363636363597,0.8096000000000002,0.15035341098210978,0.1127054123949783,0.7346136363636403,0.8044886363636401,0.1494918198741083,0.11812516410548264
323,0.725,0.8625,0.122474487139,0.0673145600892,0.38542897727273,0.35675000000002993,0.1819047720054005,0.16759252650569048,0.38086363636365006,0.35117045454546997,0.16991157732249793,0.17029336148484198
368,0.575,0.6,0.12747548784,0.24874685927700002,0.6982045454545498,0.7229204545454602,0.16206576698087763,0.14118072228145434,0.66514772727273,0.68999431818182,0.163456486970882,0.139192645384456
970,0.4875,0.7,0.141972708645,0.139194109071,0.6128750000000001,0.6361249999999999,0.169152174351357,0.15494267664808198,0.537875,0.510125,0.16473142304575508,0.16221274279260597
953,0.55,0.3375,0.11456439237400001,0.1375,0.6685909090909101,0.6881136363636403,0.15801958734496005,0.14680961362711598,0.6693636363636399,0.6765681818181899,0.16115249962177192,0.14575580271089797
488,0.6,0.6625,0.145773797371,0.0976281209488,0.4956931818181903,0.5583522727272803,0.17171068056820413,0.17497325572975092,0.5112784090909098,0.588,0.17203941362992803,0.16536519252886905
99,0.6875,0.6875,0.139754248594,0.0625,0.6647613636363601,0.72151136363636,0.166160518796927,0.13671718658172297,0.6357708333333332,0.7074545454545502,0.16207244202959367,0.14896523474608
897,0.5625,0.3875,0.21830311495700008,0.141972708645,0.6275227272727201,0.6822310606060537,0.15882046818790474,0.15100498715954,0.63495738636363,0.6501363636363598,0.16327197714341396,0.15068318959975152
831,0.9125,0.8375,0.0800390529679,0.0976281209488,0.6515681818181802,0.6948295454545397,0.16123722025598192,0.14441336605385394,0.6754659090909101,0.6987386363636402,0.15860547752737988,0.14245181654278893
626,0.775,0.9375,0.10897247358899999,0.0625,0.6205568181818198,0.5941250000000001,0.15154915307554206,0.158510495823106,0.7082386363636398,0.7349886363636395,0.15906210313698302,0.12763304116429597
333,0.775,0.7875,0.165831239518,0.1375,0.54146022727273,0.60880681818182,0.164647915323956,0.15643261171582296,0.5608409090909099,0.6568125000000002,0.16704246434765604,0.15893986588088702
728,0.275,0.4375,0.0935414346693,0.160565407233,,,,,,,,
331,0.8,0.85,0.195256241898,0.122474487139,,,,,,,,
945,0.575,0.675,0.20310096011599998,0.160078105936,,,,,,,,
577,0.575,0.6375,0.178535710714,0.103832798286,,,,,,,,
113,0.7125,0.75,0.148429276088,0.11180339887499999,,,,,,,,
996,0.5625,0.875,0.245267710879,0.11180339887499999,,,,,,,,
703,0.545454545455,0.545454545455,0.153303835946,0.17083291339099999,,,,,,,,
275,0.4125,0.3375,0.1375,0.168170300588,,,,,,,,
895,0.5125,0.6375,0.205015243336,0.0673145600892,,,,,,,,
414,0.545454545455,0.579545454545,0.153303835946,0.201364149394,,,,,,,,
905,0.575,0.475,0.217944947177,0.22912878474800005,,,,,,,,
481,0.6125,0.6875,0.152581945197,0.15051993223500001,,,,,,,,
621,0.55,0.3625,0.178535710714,0.22672946434,,,,,,,,
965,0.5375,0.5,0.27978786606999995,0.295803989155,,,,,,,,
632,0.6875,0.8625,0.100778221854,0.117924764151,,,,,,,,
231,0.55,0.5375,0.11456439237400001,0.1375,,,,,,,,
81,0.7,0.6125,0.12747548784,0.152581945197,,,,,,,,
450,0.7625,0.75,0.1625,0.158113883008,,,,,,,,
913,0.275,0.35,0.222204860433,0.207665596573,,,,,,,,
567,0.825,0.875,0.139194109071,0.14790199457699998,,,,,,,,
227,0.425,0.475,0.18708286933899998,0.15612494995999998,,,,,,,,
833,0.7,0.8,0.251246890528,0.11456439237400001,,,,,,,,
888,0.675,0.675,0.11456439237400001,0.061237243569599996,,,,,,,,
541,0.35,0.275,0.19202864369699998,0.134629120178,,,,,,,,
537,0.7125,0.7625,0.125623445264,0.152581945197,,,,,,,,
591,0.35,0.25,0.25495097568,0.136930639376,,,,,,,,
17,0.675,0.825,0.195256241898,0.139194109071,,,,,,,,
590,0.3625,0.4625,0.18071040368500002,0.17721808598400002,,,,,,,,
447,0.6,0.5875,0.15612494995999998,0.158607219256,,,,,,,,
865,0.7875,0.8875,0.0800390529679,0.0875,,,,,,,,
627,0.675,0.6125,0.15,0.141972708645,,,,,,,,
844,0.75,0.7875,0.125,0.1125,,,,,,,,
549,0.3125,0.4375,0.21830311495700008,0.178972763291,,,,,,,,
298,0.7375,0.725,0.18071040368500002,0.145773797371,,,,,,,,
90,0.4875,0.65,0.21972994789099998,0.15612494995999998,,,,,,,,
420,0.55,0.775,0.15,0.175,,,,,,,,
884,0.7625,0.7125,0.130503831361,0.1125,,,,,,,,
746,0.7875,0.6625,0.0800390529679,0.185825859341,,,,,,,,
896,0.636363636364,0.761363636364,0.20953510130199998,0.12448239943299999,,,,,,,,
922,0.7375,0.7625,0.141972708645,0.117924764151,,,,,,,,
969,0.175,0.5125,0.169558249578,0.2875,,,,,,,,
857,0.2125,0.675,0.158607219256,0.169558249578,,,,,,,,
522,0.4625,0.5375,0.158607219256,0.1375,,,,,,,,
758,0.625,0.8375,0.290473750966,0.1375,,,,,,,,
486,0.575,0.375,0.217944947177,0.167705098312,,,,,,,,
204,0.5875,0.7375,0.158607219256,0.18071040368500002,,,,,,,,
574,0.775,0.7875,0.134629120178,0.0976281209488,,,,,,,,
355,0.325,0.45,0.178535710714,0.251246890528,,,,,,,,
583,0.5,0.5125,0.136930639376,0.152581945197,,,,,,,,
757,0.375,0.6625,0.158113883008,0.201943680268,,,,,,,,
23,0.675,0.625,0.139194109071,0.125,,,,,,,,
356,0.5625,0.475,0.245267710879,0.207665596573,,,,,,,,
837,0.725,0.7375,0.122474487139,0.117924764151,,,,,,,,
249,0.45,0.5375,0.23184046238699998,0.158607219256,,,,,,,,
30,0.5375,0.6125,0.185825859341,0.1625,,,,,,,,
964,0.6,0.5375,0.122474487139,0.19405218370299998,,,,,,,,
638,0.775,0.775,0.0935414346693,0.122474487139,,,,,,,,
116,0.7625,0.9,0.103832798286,0.075,,,,,,,,
14,0.575,0.5625,0.257390753525,0.160565407233,,,,,,,,
452,0.7375,0.65,0.152581945197,0.122474487139,,,,,,,,
670,0.425,0.35,0.178535710714,0.165831239518,,,,,,,,
738,0.7125,0.5875,0.1375,0.0976281209488,,,,,,,,
75,0.7375,0.9625,0.18071040368500002,0.057282196186899996,,,,,,,,
580,0.7875,0.85,0.158607219256,0.10897247358899999,,,,,,,,
681,0.7,0.8,0.139194109071,0.0829156197589,,,,,,,,
630,0.775,0.65,0.0935414346693,0.10897247358899999,,,,,,,,
713,0.7375,0.6875,0.1625,0.160565407233,,,,,,,,
433,0.5,0.3625,0.125,0.130503831361,,,,,,,,
397,0.3375,0.45,0.148429276088,0.210653744329,,,,,,,,
188,0.4,0.3125,0.165831239518,0.21830311495700008,,,,,,,,
818,0.1375,0.275,0.1625,0.145773797371,,,,,,,,
265,0.675,0.5125,0.169558249578,0.205015243336,,,,,,,,
643,0.5875,0.55,0.168170300588,0.12747548784,,,,,,,,
251,0.46590909090899996,0.431818181818,0.177505674452,0.1234406874,,,,,,,,
267,0.35,0.275,0.145773797371,0.175,,,,,,,,
421,0.725,0.85,0.134629120178,0.15612494995999998,,,,,,,,
360,0.55,0.5875,0.23184046238699998,0.1125,,,,,,,,
47,0.4625,0.4,0.168170300588,0.15612494995999998,,,,,,,,
722,0.65,0.575,0.10897247358899999,0.1,,,,,,,,
338,0.7125,0.825,0.148429276088,0.11456439237400001,,,,,,,,
665,0.75,0.75,0.14790199457699998,0.158113883008,,,,,,,,
317,0.8625,0.925,0.103832798286,0.061237243569599996,,,,,,,,
257,0.3125,0.4125,0.115244305716,0.185825859341,,,,,,,,
918,0.6375,0.4,0.117924764151,0.134629120178,,,,,,,,
199,0.6875,0.7875,0.23881216468199998,0.158607219256,,,,,,,,
552,0.8125,0.85,0.160565407233,0.10897247358899999,,,,,,,,
18,0.8375,0.8,0.0976281209488,0.139194109071,,,,,,,,
423,0.65,0.8875,0.22912878474800005,0.141972708645,,,,,,,,
287,0.6875,0.5,0.15051993223500001,0.158113883008,,,,,,,,
413,0.675,0.575,0.195256241898,0.160078105936,,,,,,,,
584,0.4625,0.375,0.22395591084000002,0.20155644370700002,,,,,,,,
158,0.7875,0.725,0.0976281209488,0.0935414346693,,,,,,,,
170,0.6,0.3,0.242383992871,0.15,,,,,,,,
515,0.7875,0.6125,0.168170300588,0.21972994789099998,,,,,,,,
224,0.5,0.5875,0.125,0.1125,,,,,,,,
168,0.625,0.7125,0.209165006634,0.1125,,,,,,,,
20,0.6375,0.55,0.103832798286,0.178535710714,,,,,,,,
999,0.775,0.875,0.122474487139,0.09682458365520001,,,,,,,,
601,0.7,0.6875,0.1,0.128086884574,,,,,,,,
114,0.7375,0.7375,0.152581945197,0.19724667297600001,,,,,,,,
56,0.275,0.4125,0.165831239518,0.148429276088,,,,,,,,
617,0.8125,0.8875,0.160565407233,0.117924764151,,,,,,,,
989,0.3125,0.575,0.23217719526299999,0.269258240357,,,,,,,,
196,0.3625,0.4375,0.171846588561,0.23881216468199998,,,,,,,,
29,0.675,0.7,0.160078105936,0.12747548784,,,,,,,,
9,0.2875,0.45,0.158607219256,0.20310096011599998,,,,,,,,
659,0.375,0.3875,0.185404962177,0.18071040368500002,,,,,,,,
602,0.5375,0.6125,0.201943680268,0.152581945197,,,,,,,,
937,0.5875,0.6,0.209538182678,0.215058131676,,,,,,,,
198,0.75,0.863636363636,0.184637236469,0.11249426064300001,,,,,,,,
679,0.6,0.7,0.215058131676,0.195256241898,,,,,,,,
660,0.825,0.8375,0.160078105936,0.1125,,,,,,,,
367,0.3125,0.6125,0.160565407233,0.18071040368500002,,,,,,,,
554,0.65,0.6625,0.122474487139,0.1125,,,,,,,,
104,0.825,0.8375,0.061237243569599996,0.125623445264,,,,,,,,
609,0.5125,0.4375,0.152581945197,0.269548233161,,,,,,,,
603,0.7125,0.8125,0.185825859341,0.139754248594,,,,,,,,
742,0.725,0.725,0.215058131676,0.145773797371,,,,,,,,
644,0.7625,0.7375,0.19724667297600001,0.117924764151,,,,,,,,
929,0.3375,0.6,0.209538182678,0.18371173070900002,,,,,,,,
561,0.8875,0.825,0.18071040368500002,0.11456439237400001,,,,,,,,
531,0.3,0.225,0.217944947177,0.122474487139,,,,,,,,
324,0.55,0.8875,0.225,0.0875,,,,,,,,
697,0.4875,0.7,0.18915932438000002,0.139194109071,,,,,,,,
137,0.7,0.7625,0.210653744329,0.233519271153,,,,,,,,
717,0.6875,0.5375,0.115244305716,0.256478556609,,,,,,,,
635,0.825,0.6375,0.11456439237400001,0.152581945197,,,,,,,,
786,0.45,0.725,0.238484800354,0.18371173070900002,,,,,,,,
385,0.75,0.825,0.167705098312,0.0829156197589,,,,,,,,
107,0.6125,0.6,0.1625,0.122474487139,,,,,,,,
66,0.7625,0.8625,0.117924764151,0.103832798286,,,,,,,,
597,0.7,0.8,0.20310096011599998,0.061237243569599996,,,,,,,,
589,0.4875,0.55,0.152581945197,0.15,,,,,,,,
694,0.3375,0.3875,0.230827316408,0.240117158904,,,,,,,,
546,0.575,0.7875,0.275,0.148429276088,,,,,,,,
201,0.6875,0.625,0.1875,0.158113883008,,,,,,,,
719,0.5625,0.525,0.128086884574,0.10897247358899999,,,,,,,,
269,0.6375,0.5875,0.171846588561,0.148429276088,,,,,,,,
928,0.825,0.8375,0.160078105936,0.1125,,,,,,,,
730,0.575,0.55,0.18708286933899998,0.139194109071,,,,,,,,
108,0.8625,0.8625,0.0875,0.0673145600892,,,,,,,,
736,0.4125,0.4875,0.1375,0.171846588561,,,,,,,,
759,0.8375,0.7375,0.19405218370299998,0.21972994789099998,,,,,,,,
394,0.675,0.75,0.160078105936,0.136930639376,,,,,,,,
10,0.425,0.4375,0.139194109071,0.195655948031,,,,,,,,
418,0.375,0.425,0.14790199457699998,0.139194109071,,,,,,,,
181,0.625,0.4875,0.167705098312,0.103832798286,,,,,,,,
943,0.4875,0.625,0.117924764151,0.167705098312,,,,,,,,
752,0.7875,0.8375,0.2625,0.158607219256,,,,,,,,
213,0.3625,0.5625,0.18915932438000002,0.178972763291,,,,,,,,
815,0.3125,0.2875,0.203485257451,0.148429276088,,,,,,,,
900,0.5375,0.65,0.209538182678,0.165831239518,,,,,,,,
133,0.7375,0.775,0.171846588561,0.18371173070900002,,,,,,,,
417,0.775,0.8625,0.175,0.117924764151,,,,,,,,
381,0.8,0.9375,0.169558249578,0.0838525491562,,,,,,,,
548,0.55,0.45,0.238484800354,0.160078105936,,,,,,,,
12,0.575,0.6875,0.12747548784,0.115244305716,,,,,,,,
524,0.275,0.5125,0.19202864369699998,0.2125,,,,,,,,
472,0.6625,0.6125,0.158607219256,0.103832798286,,,,,,,,
850,0.6125,0.775,0.2125,0.22912878474800005,,,,,,,,
120,0.7625,0.7625,0.0673145600892,0.117924764151,,,,,,,,
599,0.55,0.55,0.15,0.18708286933899998,,,,,,,,
126,0.7,0.7,0.210653744329,0.1,,,,,,,,
744,0.725,0.8125,0.19202864369699998,0.100778221854,,,,,,,,
720,0.6375,0.7375,0.18071040368500002,0.171846588561,,,,,,,,
624,0.55,0.575,0.23184046238699998,0.178535710714,,,,,,,,
305,0.75,0.9375,0.167705098312,0.0838525491562,,,,,,,,
142,0.625,0.6,0.136930639376,0.122474487139,,,,,,,,
55,0.4,0.625,0.272717802866,0.230488611432,,,,,,,,
315,0.65,0.85,0.165831239518,0.145773797371,,,,,,,,
678,0.8625,0.7875,0.103832798286,0.057282196186899996,,,,,,,,
219,0.75,0.8375,0.14790199457699998,0.125623445264,,,,,,,,
456,0.525,0.7,0.134629120178,0.15,,,,,,,,
500,0.425,0.7,0.15,0.12747548784,,,,,,,,
191,0.825,0.7625,0.11456439237400001,0.0875,,,,,,,,
830,0.6,0.775,0.22912878474800005,0.134629120178,,,,,,,,
796,0.375,0.6,0.19364916730999998,0.22912878474800005,,,,,,,,
684,0.45,0.375,0.169558249578,0.14790199457699998,,,,,,,,
448,0.7375,0.775,0.103832798286,0.0935414346693,,,,,,,,
571,0.725,0.6625,0.0935414346693,0.1375,,,,,,,,
443,0.675,0.7,0.15,0.12747548784,,,,,,,,
576,0.7125,0.7125,0.125623445264,0.168170300588,,,,,,,,
666,0.7,0.675,0.195256241898,0.0829156197589,,,,,,,,
238,0.5625,0.6375,0.139754248594,0.21972994789099998,,,,,,,,
917,0.6625,0.7375,0.17721808598400002,0.0673145600892,,,,,,,,
171,0.8125,0.85,0.139754248594,0.0935414346693,,,,,,,,
334,0.5625,0.625,0.128086884574,0.216506350946,,,,,,,,
820,0.6,0.6625,0.0935414346693,0.168170300588,,,,,,,,
96,0.825,0.875,0.169558249578,0.176776695297,,,,,,,,
824,0.825,0.8625,0.1,0.0875,,,,,,,,
348,0.3,0.4625,0.18708286933899998,0.168170300588,,,,,,,,
325,0.6125,0.4875,0.141972708645,0.18915932438000002,,,,,,,,
686,0.725,0.6,0.134629120178,0.134629120178,,,,,,,,
978,0.725,0.6875,0.18371173070900002,0.203485257451,,,,,,,,
35,0.625,0.3375,0.230488611432,0.185825859341,,,,,,,,
566,0.725,0.775,0.10897247358899999,0.0935414346693,,,,,,,,
152,0.725,0.825,0.207665596573,0.12747548784,,,,,,,,
449,0.7375,0.7,0.152581945197,0.195256241898,,,,,,,,
693,0.4,0.6,0.242383992871,0.2,,,,,,,,
284,0.4875,0.4625,0.141972708645,0.168170300588,,,,,,,,
862,0.85,0.8875,0.10897247358899999,0.103832798286,,,,,,,,
836,0.7875,0.8875,0.125623445264,0.103832798286,,,,,,,,
704,0.7,0.625,0.20310096011599998,0.136930639376,,,,,,,,
38,0.8375,0.8875,0.125623445264,0.103832798286,,,,,,,,
516,0.4625,0.4,0.148429276088,0.122474487139,,,,,,,,
992,0.3625,0.4625,0.19724667297600001,0.2375,,,,,,,,
103,0.775,0.5875,0.0935414346693,0.1375,,,,,,,,
871,0.65,0.75,0.165831239518,0.125,,,,,,,,
907,0.5625,0.5,0.1875,0.185404962177,,,,,,,,
207,0.7375,0.85,0.2125,0.222204860433,,,,,,,,
657,0.5125,0.6,0.130503831361,0.15612494995999998,,,,,,,,
780,0.4375,0.5125,0.178972763291,0.18071040368500002,,,,,,,,
506,0.375,0.275,0.158113883008,0.145773797371,,,,,,,,
825,0.8375,0.5375,0.0976281209488,0.1125,,,,,,,,
388,0.7125,0.575,0.0800390529679,0.160078105936,,,,,,,,
136,0.525,0.625,0.134629120178,0.19364916730999998,,,,,,,,
879,0.6375,0.4875,0.171846588561,0.130503831361,,,,,,,,
260,0.3,0.4625,0.11456439237400001,0.256478556609,,,,,,,,
60,0.40909090909100004,0.4204545454550001,0.177505674452,0.143739893644,,,,,,,,
587,0.6,0.3875,0.165831239518,0.205015243336,,,,,,,,
794,0.575,0.575,0.18708286933899998,0.15,,,,,,,,
661,0.55,0.6375,0.18708286933899998,0.2125,,,,,,,,
562,0.6875,0.7375,0.1875,0.130503831361,,,,,,,,
279,0.4625,0.3625,0.148429276088,0.18915932438000002,,,,,,,,
440,0.2875,0.3,0.158607219256,0.210653744329,,,,,,,,
518,0.5125,0.425,0.152581945197,0.15,,,,,,,,
751,0.525,0.5875,0.207665596573,0.158607219256,,,,,,,,
846,0.5375,0.925,0.256478556609,0.0829156197589,,,,,,,,
308,0.85,0.8125,0.165831239518,0.100778221854,,,,,,,,
34,0.8375,0.6875,0.1375,0.21830311495700008,,,,,,,,
783,0.45,0.475,0.15,0.18371173070900002,,,,,,,,
332,0.725,0.7625,0.19202864369699998,0.130503831361,,,,,,,,
868,0.625,0.7,0.23717082451299998,0.160078105936,,,,,,,,
93,0.65,0.6125,0.145773797371,0.19724667297600001,,,,,,,,
176,0.65,0.7125,0.122474487139,0.17721808598400002,,,,,,,,
760,0.7375,0.7875,0.2125,0.1125,,,,,,,,
434,0.3875,0.5125,0.141972708645,0.103832798286,,,,,,,,
779,0.4125,0.75,0.201943680268,0.11180339887499999,,,,,,,,
407,0.5625,0.7875,0.139754248594,0.0800390529679,,,,,,,,
1,0.575,0.4,0.160078105936,0.15612494995999998,,,,,,,,
572,0.525,0.7375,0.15612494995999998,0.130503831361,,,,,,,,
646,0.7875,0.8625,0.0800390529679,0.0673145600892,,,,,,,,
299,0.65,0.25,0.235849528301,0.125,,,,,,,,
372,0.175,0.825,0.195256241898,0.18708286933899998,,,,,,,,
772,0.6125,0.8375,0.264870251255,0.0976281209488,,,,,,,,
705,0.4375,0.1875,0.170018381359,0.115244305716,,,,,,,,
297,0.7,0.675,0.061237243569599996,0.0829156197589,,,,,,,,
458,0.7375,0.75,0.117924764151,0.11180339887499999,,,,,,,,
167,0.775,0.8875,0.145773797371,0.141972708645,,,,,,,,
70,0.525,0.575,0.15612494995999998,0.160078105936,,,,,,,,
573,0.7625,0.7625,0.130503831361,0.152581945197,,,,,,,,
405,0.7125,0.7375,0.1125,0.1625,,,,,,,,
91,0.7375,0.8625,0.130503831361,0.103832798286,,,,,,,,
147,0.65,0.55,0.134629120178,0.160078105936,,,,,,,,
614,0.4875,0.2875,0.240117158904,0.17721808598400002,,,,,,,,
495,0.475,0.8375,0.242383992871,0.0976281209488,,,,,,,,
647,0.6125,0.5625,0.18915932438000002,0.139754248594,,,,,,,,
349,0.3375,0.275,0.125623445264,0.10897247358899999,,,,,,,,
726,0.7125,0.7375,0.125623445264,0.103832798286,,,,,,,,
235,0.7,0.45,0.1,0.160078105936,,,,,,,,
396,0.7125,0.65,0.125623445264,0.15612494995999998,,,,,,,,
40,0.6625,0.375,0.209538182678,0.167705098312,,,,,,,,
688,0.4625,0.4625,0.148429276088,0.1375,,,,,,,,
78,0.659090909091,0.5,0.277421718539,0.21320071635600002,,,,,,,,
769,0.475,0.525,0.19202864369699998,0.207665596573,,,,,,,,
906,0.4375,0.325,0.115244305716,0.1,,,,,,,,
770,0.6125,0.5625,0.18915932438000002,0.139754248594,,,,,,,,
993,0.7625,0.8625,0.152581945197,0.103832798286,,,,,,,,
84,0.8,0.5,0.15,0.230488611432,,,,,,,,
412,0.4375,0.5,0.160565407233,0.216506350946,,,,,,,,
706,0.6125,0.4,0.18915932438000002,0.122474487139,,,,,,,,
966,0.45,0.575,0.178535710714,0.15,,,,,,,,
169,0.6,0.675,0.134629120178,0.15,,,,,,,,
636,0.75,0.7625,0.09682458365520001,0.130503831361,,,,,,,,
668,0.65,0.725,0.15612494995999998,0.0935414346693,,,,,,,,
211,0.65,0.65,0.207665596573,0.075,,,,,,,,
42,0.6,0.7625,0.175,0.171846588561,,,,,,,,
326,0.7,0.6875,0.15,0.139754248594,,,,,,,,
466,0.7375,0.65,0.130503831361,0.18371173070900002,,,,,,,,
376,0.6625,0.6,0.125623445264,0.0935414346693,,,,,,,,
444,0.7625,0.7375,0.1625,0.171846588561,,,,,,,,
979,0.5125,0.3625,0.171846588561,0.130503831361,,,,,,,,
411,0.6375,0.175,0.2875,0.11456439237400001,,,,,,,,
997,0.6625,0.7125,0.1125,0.17721808598400002,,,,,,,,
461,0.6375,0.375,0.19724667297600001,0.158113883008,,,,,,,,
946,0.4,0.425,0.24874685927700002,0.251246890528,,,,,,,,
197,0.4375,0.3375,0.211024287702,0.243990266199,,,,,,,,
59,0.6,0.6,0.0935414346693,0.165831239518,,,,,,,,
109,0.7875,0.8,0.0976281209488,0.12747548784,,,,,,,,
237,0.3125,0.525,0.170018381359,0.134629120178,,,,,,,,
221,0.7,0.8125,0.18708286933899998,0.0838525491562,,,,,,,,
128,0.6,0.5125,0.15612494995999998,0.1625,,,,,,,,
852,0.45,0.4875,0.291547594742,0.205015243336,,,,,,,,
909,0.6625,0.825,0.185825859341,0.11456439237400001,,,,,,,,
729,0.4,0.525,0.215058131676,0.207665596573,,,,,,,,
700,0.475,0.35,0.165831239518,0.122474487139,,,,,,,,
682,0.6125,0.775,0.18071040368500002,0.0935414346693,,,,,,,,
347,0.3375,0.1875,0.148429276088,0.1875,,,,,,,,
778,0.8125,0.9125,0.100778221854,0.0800390529679,,,,,,,,
743,0.725,0.85,0.134629120178,0.075,,,,,,,,
203,0.6875,0.775,0.115244305716,0.122474487139,,,,,,,,
222,0.35,0.6625,0.10897247358899999,0.168170300588,,,,,,,,
747,0.775,0.8,0.15612494995999998,0.12747548784,,,,,,,,
676,0.475,0.55,0.134629120178,0.11456439237400001,,,,,,,,
175,0.45,0.475,0.139194109071,0.19202864369699998,,,,,,,,
569,0.65,0.7,0.122474487139,0.0829156197589,,,,,,,,
934,0.3875,0.4875,0.270705097846,0.252796855202,,,,,,,,
138,0.5875,0.6625,0.2375,0.274146402493,,,,,,,,
654,0.875,0.8875,0.11180339887499999,0.103832798286,,,,,,,,
521,0.375,0.5125,0.20155644370700002,0.141972708645,,,,,,,,
565,0.6375,0.725,0.21972994789099998,0.165831239518,,,,,,,,
258,0.475,0.675,0.122474487139,0.0829156197589,,,,,,,,
501,0.8125,0.8375,0.128086884574,0.1125,,,,,,,,
76,0.65,0.6375,0.15612494995999998,0.152581945197,,,,,,,,
555,0.6875,0.7625,0.203485257451,0.103832798286,,,,,,,,
148,0.5,0.4,0.158113883008,0.235849528301,,,,,,,,
364,0.4,0.375,0.10897247358899999,0.158113883008,,,,,,,,
217,0.575,0.6125,0.169558249578,0.1625,,,,,,,,
499,0.825,0.8625,0.1,0.0673145600892,,,,,,,,
200,0.5625,0.7,0.21830311495700008,0.15,,,,,,,,
616,0.7875,0.8625,0.148429276088,0.141972708645,,,,,,,,
839,0.625,0.75,0.176776695297,0.11180339887499999,,,,,,,,
606,0.8,0.875,0.18708286933899998,0.11180339887499999,,,,,,,,
457,0.7875,0.6625,0.0800390529679,0.1375,,,,,,,,
460,0.7,0.8,0.18708286933899998,0.11456439237400001,,,,,,,,
967,0.5125,0.675,0.240117158904,0.11456439237400001,,,,,,,,
492,0.7875,0.9,0.158607219256,0.10897247358899999,,,,,,,,
92,0.575,0.65,0.210653744329,0.19202864369699998,,,,,,,,
441,0.6875,0.675,0.100778221854,0.12747548784,,,,,,,,
801,0.2875,0.3375,0.125623445264,0.17721808598400002,,,,,,,,
337,0.8125,0.675,0.170018381359,0.23184046238699998,,,,,,,,
442,0.6125,0.7125,0.18071040368500002,0.148429276088,,,,,,,,
508,0.5375,0.3625,0.125623445264,0.117924764151,,,,,,,,
916,0.3375,0.2125,0.1375,0.17721808598400002,,,,,,,,
282,0.525,0.5375,0.175,0.201943680268,,,,,,,,
890,0.7875,0.7875,0.057282196186899996,0.1125,,,,,,,,
389,0.3625,0.225,0.233519271153,0.15612494995999998,,,,,,,,
19,0.75,0.7625,0.136930639376,0.117924764151,,,,,,,,
313,0.6625,0.5375,0.0976281209488,0.1375,,,,,,,,
754,0.8,0.65,0.11456439237400001,0.0935414346693,,,,,,,,
25,0.784090909091,0.761363636364,0.151609818911,0.13541335554300002,,,,,,,,
28,0.575,0.4875,0.12747548784,0.171846588561,,,,,,,,
790,0.725,0.6875,0.10897247358899999,0.115244305716,,,,,,,,
301,0.7875,0.825,0.125623445264,0.11456439237400001,,,,,,,,
6,0.35,0.5125,0.2,0.171846588561,,,,,,,,
277,0.3875,0.2,0.19724667297600001,0.18708286933899998,,,,,,,,
375,0.775,0.7375,0.10897247358899999,0.152581945197,,,,,,,,
851,0.4125,0.4625,0.148429276088,0.1375,,,,,,,,
773,0.65,0.75,0.18371173070900002,0.09682458365520001,,,,,,,,
469,0.7125,0.7125,0.1125,0.0976281209488,,,,,,,,
980,0.725,0.6375,0.134629120178,0.117924764151,,,,,,,,
607,0.6375,0.7125,0.18071040368500002,0.243990266199,,,,,,,,
512,0.425,0.3125,0.257390753525,0.128086884574,,,,,,,,
230,0.7375,0.3625,0.0875,0.171846588561,,,,,,,,
7,0.725,0.7,0.122474487139,0.139194109071,,,,,,,,
31,0.4375,0.625,0.21830311495700008,0.185404962177,,,,,,,,
526,0.525,0.4625,0.15612494995999998,0.1375,,,,,,,,
835,0.6125,0.6625,0.117924764151,0.1125,,,,,,,,
911,0.3875,0.525,0.171846588561,0.18371173070900002,,,,,,,,
151,0.6125,0.325,0.130503831361,0.18708286933899998,,,,,,,,
321,0.4875,0.6875,0.2125,0.115244305716,,,,,,,,
544,0.625,0.45,0.27386127875300004,0.238484800354,,,,,,,,
432,0.4,0.375,0.10897247358899999,0.158113883008,,,,,,,,
8,0.225,0.3875,0.175,0.246538536541,,,,,,,,
160,0.8125,0.825,0.0838525491562,0.1,,,,,,,,
33,0.75,0.6375,0.185404962177,0.1625,,,,,,,,
675,0.3,0.3125,0.178535710714,0.225346954716,,,,,,,,
162,0.7375,0.875,0.141972708645,0.11180339887499999,,,,,,,,
683,0.7375,0.2375,0.21972994789099998,0.103832798286,,,,,,,,
80,0.7625,0.725,0.152581945197,0.075,,,,,,,,
952,0.4875,0.525,0.1625,0.215058131676,,,,,,,,
793,0.6375,0.7125,0.152581945197,0.1375,,,,,,,,
715,0.525,0.325,0.122474487139,0.160078105936,,,,,,,,
869,0.5125,0.45,0.18071040368500002,0.12747548784,,,,,,,,
429,0.4,0.225,0.18371173070900002,0.15612494995999998,,,,,,,,
44,0.675,0.6875,0.275,0.139754248594,,,,,,,,
797,0.775,0.6375,0.134629120178,0.103832798286,,,,,,,,
859,0.725,0.5875,0.18371173070900002,0.22395591084000002,,,,,,,,
184,0.6375,0.825,0.1625,0.20310096011599998,,,,,,,,
46,0.575,0.8375,0.225,0.125623445264,,,,,,,,
741,0.425,0.475,0.195256241898,0.24874685927700002,,,,,,,,
102,0.825,0.7375,0.15,0.141972708645,,,,,,,,
52,0.4625,0.5875,0.125623445264,0.1125,,,,,,,,
43,0.7875,0.8625,0.17721808598400002,0.0673145600892,,,,,,,,
477,0.7125,0.575,0.158607219256,0.169558249578,,,,,,,,
799,0.5375,0.7625,0.17721808598400002,0.0875,,,,,,,,
689,0.35,0.425,0.165831239518,0.15,,,,,,,,
26,0.7625,0.825,0.0875,0.12747548784,,,,,,,,
484,0.625,0.675,0.11180339887499999,0.1,,,,,,,,
177,0.5375,0.55,0.17721808598400002,0.225,,,,,,,,
692,0.5125,0.5,0.21972994789099998,0.22360679774999997,,,,,,,,
771,0.5625,0.425,0.160565407233,0.217944947177,,,,,,,,
908,0.6625,0.75,0.19405218370299998,0.055901699437499994,,,,,,,,
674,0.25,0.3875,0.230488611432,0.264870251255,,,,,,,,
393,0.4625,0.5375,0.1375,0.1125,,,,,,,,
189,0.6375,0.6875,0.130503831361,0.1875,,,,,,,,
503,0.488636363636,0.613636363636,0.172338078274,0.13541335554300002,,,,,,,,
494,0.4625,0.8,0.158607219256,0.169558249578,,,,,,,,
145,0.75,0.7625,0.167705098312,0.0875,,,,,,,,
415,0.5227272727269999,0.477272727273,0.190827904815,0.13917555356699998,,,,,,,,
143,0.625,0.5625,0.185404962177,0.23217719526299999,,,,,,,,
490,0.6875,0.825,0.178972763291,0.18708286933899998,,,,,,,,
342,0.6875,0.75,0.203485257451,0.125,,,,,,,,
753,0.625,0.7625,0.185404962177,0.171846588561,,,,,,,,
285,0.525,0.5125,0.175,0.171846588561,,,,,,,,
408,0.6125,0.9125,0.205015243336,0.0800390529679,,,,,,,,
579,0.225,0.2625,0.10897247358899999,0.246538536541,,,,,,,,
985,0.7,0.75,0.160078105936,0.14790199457699998,,,,,,,,
592,0.4125,0.4125,0.17721808598400002,0.216866894661,,,,,,,,
854,0.7875,0.8375,0.0976281209488,0.0976281209488,,,,,,,,
791,0.7125,0.7875,0.148429276088,0.0976281209488,,,,,,,,
391,0.6,0.85,0.145773797371,0.134629120178,,,,,,,,
71,0.5875,0.7625,0.216866894661,0.103832798286,,,,,,,,
936,0.45,0.4125,0.139194109071,0.1125,,,,,,,,
739,0.6875,0.6875,0.178972763291,0.115244305716,,,,,,,,
525,0.275,0.2375,0.2,0.152581945197,,,,,,,,
215,0.5125,0.525,0.130503831361,0.0935414346693,,,,,,,,
21,0.775,0.8625,0.15612494995999998,0.117924764151,,,,,,,,
98,0.65,0.7375,0.134629120178,0.141972708645,,,,,,,,
594,0.4375,0.5125,0.178972763291,0.19724667297600001,,,,,,,,
637,0.65,0.775,0.145773797371,0.122474487139,,,,,,,,
792,0.625,0.85,0.14790199457699998,0.075,,,,,,,,
343,0.55,0.65,0.1,0.075,,,,,,,,
48,0.8375,0.725,0.148429276088,0.175,,,,,,,,
755,0.625,0.5125,0.230488611432,0.18071040368500002,,,,,,,,
765,0.7625,0.8,0.18071040368500002,0.12747548784,,,,,,,,
382,0.863636363636,0.886363636364,0.13541335554300002,0.0642824346533,,,,,,,,
401,0.25,0.35,0.209165006634,0.207665596573,,,,,,,,
807,0.3625,0.3375,0.141972708645,0.168170300588,,,,,,,,
656,0.4125,0.4875,0.216866894661,0.21972994789099998,,,,,,,,
775,0.475,0.3375,0.165831239518,0.148429276088,,,,,,,,
445,0.4625,0.5875,0.256478556609,0.201943680268,,,,,,,,
144,0.825,0.8625,0.061237243569599996,0.0673145600892,,,,,,,,
798,0.6,0.7375,0.165831239518,0.0875,,,,,,,,
398,0.4375,0.4375,0.251557647469,0.170018381359,,,,,,,,
578,0.625,0.4625,0.158113883008,0.1375,,,,,,,,
273,0.3625,0.3375,0.18071040368500002,0.1125,,,,,,,,
5,0.2,0.15,0.20310096011599998,0.175,,,,,,,,
886,0.725,0.525,0.122474487139,0.222204860433,,,,,,,,
161,0.7125,0.8625,0.22395591084000002,0.103832798286,,,,,,,,
451,0.8375,0.9,0.125623445264,0.075,,,,,,,,
883,0.725,0.8625,0.0935414346693,0.130503831361,,,,,,,,
166,0.575,0.625,0.169558249578,0.230488611432,,,,,,,,
530,0.34090909090899996,0.295454545455,0.232885244681,0.17083291339099999,,,,,,,,
511,0.7375,0.6875,0.117924764151,0.170018381359,,,,,,,,
236,0.3,0.3125,0.169558249578,0.139754248594,,,,,,,,
314,0.65,0.5625,0.145773797371,0.160565407233,,,,,,,,
304,0.7375,0.9,0.21972994789099998,0.0935414346693,,,,,,,,
468,0.7875,0.7625,0.125623445264,0.0875,,,,,,,,
428,0.5625,0.4875,0.203485257451,0.1625,,,,,,,,
582,0.5,0.4125,0.185404962177,0.22395591084000002,,,,,,,,
294,0.55,0.7,0.195256241898,0.12747548784,,,,,,,,
292,0.8625,0.95,0.103832798286,0.0829156197589,,,,,,,,
925,0.6125,0.5875,0.103832798286,0.168170300588,,,,,,,,
631,0.5625,0.55,0.263687788872,0.139194109071,,,,,,,,
973,0.6,0.575,0.145773797371,0.251246890528,,,,,,,,
379,0.9125,0.9375,0.0800390529679,0.0838525491562,,,,,,,,
915,0.575,0.6875,0.217944947177,0.170018381359,,,,,,,,
455,0.7375,0.875,0.171846588561,0.09682458365520001,,,,,,,,
598,0.8125,0.85,0.139754248594,0.10897247358899999,,,,,,,,
339,0.7875,0.725,0.1375,0.122474487139,,,,,,,,
241,0.5625,0.525,0.170018381359,0.22912878474800005,,,,,,,,
424,0.65,0.55,0.261007662723,0.160078105936,,,,,,,,
94,0.8,0.7625,0.15,0.117924764151,,,,,,,,
517,0.425,0.2625,0.195256241898,0.18071040368500002,,,,,,,,
816,0.425,0.3,0.244948974278,0.178535710714,,,,,,,,
353,0.5875,0.525,0.19405218370299998,0.165831239518,,,,,,,,
588,0.775,0.7,0.15612494995999998,0.0829156197589,,,,,,,,
437,0.375,0.1875,0.14790199457699998,0.0625,,,,,,,,
435,0.35,0.275,0.165831239518,0.175,,,,,,,,
202,0.7625,0.85,0.141972708645,0.075,,,,,,,,
493,0.75,0.7375,0.158113883008,0.1625,,,,,,,,
88,0.5875,0.625,0.185825859341,0.167705098312,,,,,,,,
86,0.725,0.7,0.145773797371,0.15,,,,,,,,
519,0.2625,0.35,0.152581945197,0.207665596573,,,,,,,,
863,0.625,0.575,0.11180339887499999,0.160078105936,,,,,,,,
373,0.725,0.85,0.222204860433,0.075,,,,,,,,
132,0.7125,0.85,0.158607219256,0.122474487139,,,,,,,,
828,0.6,0.65,0.134629120178,0.15612494995999998,,,,,,,,
645,0.6125,0.6,0.130503831361,0.122474487139,,,,,,,,
981,0.6,0.8,0.242383992871,0.11456439237400001,,,,,,,,
870,0.5625,0.65,0.245267710879,0.15612494995999998,,,,,,,,
595,0.4,0.3875,0.207665596573,0.1625,,,,,,,,
187,0.675,0.7,0.11456439237400001,0.0829156197589,,,,,,,,
61,0.275,0.375,0.19202864369699998,0.176776695297,,,,,,,,
710,0.775,0.7875,0.145773797371,0.209538182678,,,,,,,,
32,0.3875,0.575,0.152581945197,0.12747548784,,,,,,,,
115,0.8,0.8,0.12747548784,0.12747548784,,,,,,,,
403,0.8125,0.7625,0.128086884574,0.141972708645,,,,,,,,
931,0.5,0.4375,0.11180339887499999,0.115244305716,,,,,,,,
858,0.6125,0.625,0.22672946434,0.230488611432,,,,,,,,
402,0.6875,0.85,0.160565407233,0.075,,,,,,,,
745,0.6125,0.75,0.0875,0.07905694150419999,,,,,,,,
810,0.65,0.4125,0.15612494995999998,0.185825859341,,,,,,,,
732,0.6125,0.6375,0.141972708645,0.141972708645,,,,,,,,
950,0.6875,0.7,0.128086884574,0.12747548784,,,,,,,,
789,0.125,0.35,0.125,0.261007662723,,,,,,,,
534,0.2875,0.1625,0.185825859341,0.1125,,,,,,,,
427,0.7,0.775,0.20310096011599998,0.134629120178,,,,,,,,
611,0.475,0.675,0.175,0.160078105936,,,,,,,,
889,0.75,0.8375,0.158113883008,0.1125,,,,,,,,
968,0.4,0.4875,0.165831239518,0.19724667297600001,,,,,,,,
172,0.625,0.6375,0.14790199457699998,0.18071040368500002,,,,,,,,
354,0.5125,0.35,0.1625,0.175,,,,,,,,
496,0.5375,0.6625,0.296067982058,0.209538182678,,,,,,,,
860,0.6375,0.675,0.21972994789099998,0.160078105936,,,,,,,,
72,0.6875,0.75,0.100778221854,0.09682458365520001,,,,,,,,
431,0.6375,0.525,0.103832798286,0.222204860433,,,,,,,,
718,0.5875,0.5125,0.2375,0.22672946434,,,,,,,,
50,0.5875,0.8375,0.201943680268,0.1375,,,,,,,,
263,0.35,0.4125,0.145773797371,0.0976281209488,,,,,,,,
625,0.65,0.75,0.0935414346693,0.07905694150419999,,,,,,,,
366,0.2875,0.2625,0.168170300588,0.152581945197,,,,,,,,
209,0.775,0.6875,0.134629120178,0.128086884574,,,,,,,,
564,0.475,0.9,0.278388218142,0.05,,,,,,,,
341,0.8,0.85,0.11456439237400001,0.10897247358899999,,,,,,,,
399,0.45,0.6125,0.139194109071,0.141972708645,,,,,,,,
232,0.475,0.4125,0.134629120178,0.230827316408,,,,,,,,
157,0.6818181818179999,0.534090909091,0.09775369621639997,0.213805542298,,,,,,,,
903,0.6,0.7625,0.134629120178,0.117924764151,,,,,,,,
539,0.65,0.6125,0.134629120178,0.19724667297600001,,,,,,,,
310,0.675,0.4,0.20310096011599998,0.134629120178,,,,,,,,
479,0.3875,0.225,0.152581945197,0.165831239518,,,,,,,,
153,0.65,0.675,0.122474487139,0.1,,,,,,,,
361,0.55,0.6125,0.139194109071,0.117924764151,,,,,,,,
135,0.4,0.7375,0.266926956301,0.2125,,,,,,,,
15,0.6625,0.6125,0.1375,0.1625,,,,,,,,
244,0.4125,0.2875,0.216866894661,0.185825859341,,,,,,,,
924,0.65,0.6125,0.242383992871,0.117924764151,,,,,,,,
439,0.2625,0.225,0.117924764151,0.175,,,,,,,,
933,0.7375,0.8125,0.0875,0.115244305716,,,,,,,,
228,0.425,0.55,0.15,0.160078105936,,,,,,,,
605,0.875,0.9375,0.125,0.128086884574,,,,,,,,
478,0.675,0.65,0.12747548784,0.175,,,,,,,,
650,0.5375,0.6375,0.0800390529679,0.141972708645,,,,,,,,
959,0.45,0.8,0.238484800354,0.0829156197589,,,,,,,,
774,0.75,0.6375,0.136930639376,0.171846588561,,,,,,,,
853,0.625,0.65,0.158113883008,0.0935414346693,,,,,,,,
882,0.6,0.85,0.242383992871,0.15612494995999998,,,,,,,,
600,0.65,0.4125,0.22912878474800005,0.17721808598400002,,,,,,,,
708,0.5875,0.6625,0.2375,0.1375,,,,,,,,
306,0.875,0.775,0.167705098312,0.18371173070900002,,,,,,,,
662,0.525,0.675,0.215058131676,0.11456439237400001,,,,,,,,
463,0.5625,0.3,0.15051993223500001,0.217944947177,,,,,,,,
446,0.4875,0.425,0.2125,0.178535710714,,,,,,,,
309,0.3875,0.35,0.141972708645,0.165831239518,,,,,,,,
829,0.8125,0.8,0.139754248594,0.1,,,,,,,,
13,0.5875,0.825,0.216866894661,0.139194109071,,,,,,,,
410,0.45,0.7,0.160078105936,0.0829156197589,,,,,,,,
336,0.725,0.75,0.122474487139,0.09682458365520001,,,,,,,,
229,0.4,0.45,0.165831239518,0.160078105936,,,,,,,,
386,0.5875,0.5625,0.209538182678,0.115244305716,,,,,,,,
612,0.375,0.4625,0.19364916730999998,0.0976281209488,,,,,,,,
146,0.7375,0.6625,0.0673145600892,0.158607219256,,,,,,,,
821,0.75,0.7875,0.158113883008,0.1125,,,,,,,,
761,0.7875,0.775,0.1125,0.0935414346693,,,,,,,,
864,0.40909090909100004,0.488636363636,0.200077464337,0.216207927164,,,,,,,,
150,0.725,0.7375,0.0935414346693,0.117924764151,,,,,,,,
803,0.75,0.6875,0.167705098312,0.128086884574,,,,,,,,
73,0.6875,0.5375,0.1875,0.201943680268,,,,,,,,
510,0.825,0.7125,0.160078105936,0.17721808598400002,,,,,,,,
585,0.4625,0.525,0.2375,0.15612494995999998,,,,,,,,
894,0.375,0.375,0.125,0.125,,,,,,,,
319,0.5,0.7375,0.14790199457699998,0.130503831361,,,,,,,,
892,0.65,0.6625,0.165831239518,0.19405218370299998,,,,,,,,
507,0.6625,0.8,0.22395591084000002,0.12747548784,,,,,,,,
462,0.65,0.4125,0.15612494995999998,0.1375,,,,,,,,
615,0.675,0.7375,0.11456439237400001,0.103832798286,,,,,,,,
699,0.775,0.7125,0.19202864369699998,0.148429276088,,,,,,,,
58,0.25,0.2625,0.158113883008,0.152581945197,,,,,,,,
673,0.2,0.5125,0.139194109071,0.18915932438000002,,,,,,,,
180,0.6875,0.575,0.0838525491562,0.169558249578,,,,,,,,
876,0.775,0.775,0.15612494995999998,0.18371173070900002,,,,,,,,
716,0.525,0.5,0.261007662723,0.209165006634,,,,,,,,
174,0.534090909091,0.477272727273,0.160706086633,0.167010664281,,,,,,,,
855,0.775,0.875,0.075,0.125,,,,,,,,
1000,0.575,0.6625,0.210653744329,0.1375,,,,,,,,
672,0.4625,0.55,0.201943680268,0.20310096011599998,,,,,,,,
804,0.65,0.675,0.10897247358899999,0.12747548784,,,,,,,,
242,0.6125,0.625,0.117924764151,0.07905694150419999,,,,,,,,
971,0.55,0.5875,0.210653744329,0.0800390529679,,,,,,,,
983,0.5,0.775,0.158113883008,0.10897247358899999,,,,,,,,
302,0.575,0.5,0.178535710714,0.167705098312,,,,,,,,
216,0.6625,0.65,0.1375,0.15612494995999998,,,,,,,,
312,0.7875,0.8375,0.125623445264,0.0976281209488,,,,,,,,
652,0.675,0.55,0.178535710714,0.217944947177,,,,,,,,
939,0.6625,0.725,0.168170300588,0.145773797371,,,,,,,,
814,0.7375,0.7125,0.130503831361,0.0976281209488,,,,,,,,
540,0.3875,0.5125,0.141972708645,0.117924764151,,,,,,,,
212,0.6,0.6625,0.165831239518,0.125623445264,,,,,,,,
419,0.225,0.0875,0.0935414346693,0.057282196186899996,,,,,,,,
436,0.35,0.25,0.19202864369699998,0.136930639376,,,,,,,,
362,0.4625,0.4,0.168170300588,0.2,,,,,,,,
293,0.6375,0.6375,0.117924764151,0.1625,,,,,,,,
974,0.5875,0.625,0.1375,0.11180339887499999,,,,,,,,
885,0.4875,0.425,0.18071040368500002,0.18708286933899998,,,,,,,,
179,0.3125,0.7375,0.128086884574,0.103832798286,,,,,,,,
832,0.625,0.85,0.20155644370700002,0.134629120178,,,,,,,,
185,0.475,0.6625,0.266926956301,0.2375,,,,,,,,
812,0.6875,0.8,0.195655948031,0.20310096011599998,,,,,,,,
806,0.725,0.6125,0.175,0.171846588561,,,,,,,,
123,0.4875,0.3125,0.141972708645,0.139754248594,,,,,,,,
49,0.7125,0.7875,0.148429276088,0.0800390529679,,,,,,,,
100,0.3,0.175,0.0829156197589,0.12747548784,,,,,,,,
480,0.6375,0.7875,0.141972708645,0.0800390529679,,,,,,,,
570,0.5375,0.7375,0.185825859341,0.130503831361,,,,,,,,
880,0.5375,0.675,0.201943680268,0.238484800354,,,,,,,,
629,0.5625,0.7125,0.225346954716,0.148429276088,,,,,,,,
848,0.5125,0.7125,0.21972994789099998,0.168170300588,,,,,,,,
307,0.575,0.9,0.160078105936,0.0935414346693,,,,,,,,
140,0.65,0.5625,0.122474487139,0.160565407233,,,,,,,,
653,0.6625,0.575,0.0976281209488,0.11456439237400001,,,,,,,,
192,0.5375,0.9375,0.285317805263,0.0625,,,,,,,,
